[{"categoryString":"EXTENSION","nonVisible":"true","iconName":"http://jr.letertre.free.fr/Projets/AIClientSocket/clientsocket.png","methods":[{"deprecated":"false","name":"Connect","description":"Tries to connect to the server and launches the thread for receiving data (blocking until connected or failed)","params":[]},{"deprecated":"false","name":"Disconnect","description":"Disconnect to the server","params":[]},{"deprecated":"false","name":"SendData","description":"Send data to the server","params":[{"name":"data","type":"text"}]}],"blockProperties":[{"rw":"read-only","deprecated":"false","name":"ConnectionState","description":"The state of the connection - true = connected, false = disconnected","type":"boolean"},{"rw":"read-write","deprecated":"false","name":"HexaStringMode","description":"The mode of sending and receiving data.","type":"boolean"},{"rw":"read-write","deprecated":"false","name":"ServerAddress","description":"The address of the server the client will connect to.","type":"text"},{"rw":"read-write","deprecated":"false","name":"ServerPort","description":"The port of the server the client will connect to.","type":"text"}],"type":"com.gmail.at.moicjarod.ClientSocketAI2Ext","version":"4","external":"true","showOnPalette":"true","name":"ClientSocketAI2Ext","helpString":"Non-visible component that provides client socket connectivity.","events":[{"deprecated":"false","name":"DataReceived","description":"Event indicating that a message has been received","params":[{"name":"data","type":"text"}]},{"deprecated":"false","name":"RemoteConnectionClosed","description":"Event indicating that the remote socket closed the connection","params":[]}],"properties":[{"defaultValue":"","name":"HexaStringMode","editorType":"boolean"},{"defaultValue":"","name":"ServerAddress","editorType":"string"},{"defaultValue":"","name":"ServerPort","editorType":"string"}]}]